,name,date,operation type,amount
0,Marie Pugh,2020-05-08,income,107.51391256536655
1,Havin Cope,2020-04-19,clawback,147.31849536581186
2,Havin Cope,2020-01-07,opex,8.189629701502554
3,Havin Cope,2020-03-14,income,349.6872597358334
4,Marie Pugh,2020-03-16,opex,76.65563602118772
5,Marie Pugh,2020-03-05,clawback,41.566780353478954
6,Marie Pugh,2020-05-08,opex,74.02627316477319
7,Grady Kearney,2020-01-25,clawback,114.11024526319193
8,Marie Pugh,2020-03-10,income,39.378454169473585
9,Frazer Bone,2020-02-13,opex,67.73510501465296
10,Marie Pugh,2020-01-12,income,252.0954574170664
11,Frazer Bone,2020-03-21,income,2.6271613972314736
12,Frazer Bone,2020-03-27,income,67.66953990683206
13,Marie Pugh,2020-03-19,income,422.7548910760266
14,Frazer Bone,2020-09-05,opex,7.173981599566996
15,Havin Cope,2020-06-13,clawback,20.898023478249446
16,Iyla Tate,2020-04-26,clawback,361.0725950943486
17,Frazer Bone,2020-09-14,clawback,300.71439283405107
18,Grady Kearney,2020-03-12,income,549.4730590460055
19,Frazer Bone,2020-08-17,opex,149.25930691580226
20,Marie Pugh,2020-02-03,opex,60.93257588805828
21,Grady Kearney,2020-06-30,opex,81.45163336995003
22,Marie Pugh,2020-03-09,clawback,183.68890449523317
23,Frazer Bone,2020-03-14,income,171.75543902864976
24,Marie Pugh,2020-05-31,opex,43.4024761517844
25,Havin Cope,2020-01-13,opex,42.08472469187565
26,Iyla Tate,2020-05-21,opex,274.3156830906925
27,Havin Cope,2020-05-05,clawback,51.93871558067072
28,Havin Cope,2020-06-24,opex,23.29719861147243
29,Frazer Bone,2020-03-19,opex,14.87786486564921
30,Grady Kearney,2020-07-19,income,59.914253237800345
31,Frazer Bone,2020-05-27,opex,47.84169501471562
32,Havin Cope,2020-06-24,clawback,391.15951445209276
33,Frazer Bone,2020-09-23,opex,19.501726452082373
34,Marie Pugh,2020-02-12,income,122.15083739358593
35,Iyla Tate,2020-07-03,income,240.6855485702573
36,Frazer Bone,2020-03-05,income,131.9303393675873
37,Frazer Bone,2020-07-21,clawback,21.373874266072942
38,Marie Pugh,2020-04-06,income,336.9876079351436
39,Marie Pugh,2020-02-17,opex,39.33492144009505
40,Iyla Tate,2020-11-04,income,903.1637880968854
41,Havin Cope,2020-08-18,opex,1.6373250635859156
42,Frazer Bone,2020-02-15,clawback,107.3198490984955
43,Frazer Bone,2020-02-16,opex,51.912240456875026
44,Marie Pugh,2020-08-21,income,470.9742089041901
45,Iyla Tate,2020-09-09,opex,12.600652607519205
46,Frazer Bone,2020-04-02,clawback,9.053056106088718
47,Grady Kearney,2020-05-18,opex,14.608079568065916
48,Iyla Tate,2020-04-19,income,328.47653872863
49,Iyla Tate,2020-07-29,opex,65.07396211471593
50,Grady Kearney,2020-02-15,income,704.098074535061
51,Marie Pugh,2020-08-26,opex,14.69883504454561
52,Iyla Tate,2020-10-08,opex,4.322722705198089
53,Marie Pugh,2020-03-05,income,131.3027342599239
54,Havin Cope,2020-04-29,clawback,223.22165004511155
55,Marie Pugh,2020-05-08,opex,51.51695035914966
56,Havin Cope,2020-02-13,income,283.6992265142416
57,Havin Cope,2020-07-06,opex,17.317070975829928
58,Frazer Bone,2020-02-27,clawback,763.839113811953
59,Frazer Bone,2020-02-22,opex,6.390910567974273
60,Grady Kearney,2020-02-25,clawback,67.66629448687841
61,Havin Cope,2020-02-01,income,16.558113356078536
62,Frazer Bone,2020-06-24,income,136.88188606811244
63,Iyla Tate,2020-09-20,opex,6.615227320954991
64,Iyla Tate,2020-07-05,income,21.80413771846486
65,Frazer Bone,2020-02-27,opex,191.2972988940737
66,Marie Pugh,2020-08-22,clawback,80.96909070415158
67,Havin Cope,2020-07-09,income,541.4144545417092
68,Marie Pugh,2020-07-17,opex,5.038376653995961
69,Iyla Tate,2020-11-27,clawback,21.146531131747352
70,Grady Kearney,2020-06-08,income,85.93458062857701
71,Havin Cope,2020-05-05,clawback,32.71686048161001
72,Frazer Bone,2020-09-11,opex,33.28885030977578
73,Grady Kearney,2020-08-15,opex,86.33652047547893
74,Marie Pugh,2020-06-21,income,215.14266927824772
75,Marie Pugh,2020-05-15,opex,33.93493732507895
76,Havin Cope,2020-01-20,opex,109.85859344034694
77,Grady Kearney,2020-04-23,opex,40.924018882852934
78,Frazer Bone,2020-08-24,opex,91.04609628636247
79,Frazer Bone,2020-05-16,opex,3.0353637421970454
80,Frazer Bone,2020-09-20,clawback,233.04415250944453
81,Iyla Tate,2020-07-13,clawback,64.88749310861576
82,Iyla Tate,2020-09-16,clawback,5.803849441552267
83,Iyla Tate,2020-04-13,clawback,563.1582687128044
84,Marie Pugh,2020-01-10,clawback,562.8433501941531
85,Iyla Tate,2020-05-05,income,34.013739785204265
86,Havin Cope,2020-01-20,opex,97.61777837726684
87,Marie Pugh,2020-01-20,income,48.32657414417996
88,Frazer Bone,2020-05-09,opex,76.38974319118097
89,Grady Kearney,2020-01-03,opex,60.72202851072256
90,Marie Pugh,2020-01-06,clawback,145.27801955368565
91,Marie Pugh,2020-08-04,income,50.66252380860595
92,Havin Cope,2020-08-27,opex,90.31255460355312
93,Havin Cope,2020-08-08,opex,8.404722726120896
94,Grady Kearney,2020-01-06,opex,8.69397484569072
95,Grady Kearney,2020-01-19,clawback,19.920656188153224
96,Marie Pugh,2020-05-29,opex,27.332336534816797
97,Grady Kearney,2020-05-02,opex,187.69333953741548
98,Marie Pugh,2020-08-16,clawback,36.212750777271616
99,Frazer Bone,2020-03-29,income,86.87855057138313
100,Iyla Tate,2020-08-02,opex,49.59409960842605
101,Frazer Bone,2020-02-20,clawback,78.90652660150472
102,Havin Cope,2020-02-10,clawback,296.4754565932787
103,Iyla Tate,2020-04-16,clawback,136.5863439085676
104,Frazer Bone,2020-06-07,income,203.92727201059125
105,Iyla Tate,2020-06-03,opex,8.024033820881291
106,Iyla Tate,2020-11-19,opex,81.0086500423399
107,Havin Cope,2020-03-05,opex,2.499383985591088
108,Frazer Bone,2020-03-08,opex,33.12654041816946
109,Havin Cope,2020-08-09,income,319.40012121617303
110,Havin Cope,2020-02-26,clawback,70.61817174274057
111,Grady Kearney,2020-07-07,income,455.0553323932096
112,Havin Cope,2020-05-07,clawback,394.4002122623713
113,Marie Pugh,2020-01-22,opex,36.15915115101751
114,Marie Pugh,2020-06-02,opex,43.01067865634043
115,Marie Pugh,2020-04-14,clawback,62.42024247398682
116,Marie Pugh,2020-03-08,income,695.9106271231202
117,Grady Kearney,2020-02-06,clawback,4.42992566085967
118,Grady Kearney,2020-08-04,opex,62.66956720380406
119,Havin Cope,2020-01-26,opex,53.84141538646051
120,Iyla Tate,2020-07-10,opex,2.7374865738827534
121,Havin Cope,2020-07-30,opex,2.693385885003966
122,Grady Kearney,2020-01-11,income,162.46527629235362
123,Havin Cope,2020-02-07,opex,84.42768747670978
124,Iyla Tate,2020-09-15,income,63.31997397613842
125,Marie Pugh,2020-03-22,income,55.12934475797193
126,Grady Kearney,2020-02-03,clawback,229.83050785955595
127,Grady Kearney,2020-08-06,income,1.7038551885348594
128,Iyla Tate,2020-11-06,opex,126.21855782367662
129,Marie Pugh,2020-08-01,clawback,61.58076281775126
130,Iyla Tate,2020-10-16,income,56.05857870552483
131,Iyla Tate,2020-11-05,clawback,234.25493573331505
132,Marie Pugh,2020-07-05,clawback,55.3101593255624
133,Havin Cope,2020-04-09,opex,11.224937188974291
134,Iyla Tate,2020-08-10,opex,22.107579470325014
135,Frazer Bone,2020-06-16,opex,114.49080572607429
136,Frazer Bone,2020-06-12,income,84.73197512425868
137,Grady Kearney,2020-03-19,opex,42.118287973168506
138,Havin Cope,2020-04-15,opex,41.45652713350134
139,Marie Pugh,2020-08-22,opex,24.27883945535658
140,Marie Pugh,2020-02-01,income,366.56626950795896
141,Iyla Tate,2020-09-29,income,25.583316522366026
142,Iyla Tate,2020-06-29,income,52.233364718597194
143,Marie Pugh,2020-07-27,income,141.4274391739911
144,Havin Cope,2020-07-04,opex,28.071259797866134
145,Havin Cope,2020-03-17,income,288.7761218342657
146,Marie Pugh,2020-06-07,opex,19.255709503267106
147,Frazer Bone,2020-04-24,clawback,20.824038063110905
148,Havin Cope,2020-07-21,opex,37.6079806630707
149,Iyla Tate,2020-08-21,clawback,10.100159256473066
150,Grady Kearney,2020-05-10,clawback,156.22879230827638
151,Grady Kearney,2020-07-21,clawback,50.830132286535324
152,Iyla Tate,2020-06-11,opex,113.0703629224256
153,Marie Pugh,2020-04-14,income,891.8451228958812
154,Frazer Bone,2020-06-03,income,164.39634999552413
155,Grady Kearney,2020-05-28,clawback,89.1325028060935
156,Havin Cope,2020-01-28,income,276.4397857309476
157,Havin Cope,2020-06-05,income,9.958416599437042
158,Havin Cope,2020-07-16,income,211.01420436303994
159,Havin Cope,2020-02-13,income,562.6793691073082
160,Marie Pugh,2020-02-01,opex,41.94486326473938
161,Iyla Tate,2020-05-07,income,470.2850686544168
162,Frazer Bone,2020-08-26,opex,12.767346015029895
163,Havin Cope,2020-04-07,income,206.91665569263378
164,Iyla Tate,2020-10-24,opex,21.404815396590962
165,Frazer Bone,2020-06-19,opex,7.424210299057308
166,Iyla Tate,2020-06-21,clawback,324.62304818268655
167,Frazer Bone,2020-04-12,clawback,76.68995932109517
168,Frazer Bone,2020-08-26,income,265.9690788605151
169,Marie Pugh,2020-04-13,opex,49.84344881625373
170,Grady Kearney,2020-07-22,income,95.59298902477144
171,Havin Cope,2020-07-08,opex,29.704678486568504
172,Havin Cope,2020-06-08,income,642.3072497804326
173,Marie Pugh,2020-06-17,income,662.8207517008916
174,Marie Pugh,2020-07-06,income,1111.7668839180585
175,Iyla Tate,2020-08-11,income,305.214059934765
176,Havin Cope,2020-08-18,clawback,179.43319180042724
177,Grady Kearney,2020-04-02,income,360.3775478618757
178,Havin Cope,2020-01-12,income,48.05665287261214
179,Frazer Bone,2020-03-24,opex,53.994060700615556
180,Grady Kearney,2020-07-24,clawback,62.99624372694191
181,Havin Cope,2020-08-12,opex,28.944786737423488
182,Havin Cope,2020-01-09,income,235.631430655691
183,Grady Kearney,2020-03-18,clawback,267.96300583584343
184,Havin Cope,2020-08-21,opex,71.09936269442537
185,Iyla Tate,2020-05-03,opex,8.339065189987425
186,Frazer Bone,2020-02-25,income,118.86708825431941
187,Havin Cope,2020-01-31,income,36.02589514977951
188,Grady Kearney,2020-02-28,clawback,104.03739401192826
189,Iyla Tate,2020-10-14,income,105.79397406585153
190,Grady Kearney,2020-07-21,income,32.71691965804446
191,Frazer Bone,2020-04-11,income,282.7735192832341
192,Frazer Bone,2020-05-05,income,259.48024740069553
193,Frazer Bone,2020-07-24,income,661.2971028747577
194,Iyla Tate,2020-05-20,opex,1.2482412791518833
195,Frazer Bone,2020-06-09,opex,32.612089415989196
196,Havin Cope,2020-08-14,income,148.02093329795736
197,Marie Pugh,2020-04-30,income,390.1640573349977
198,Marie Pugh,2020-08-08,clawback,10.462207637612755
199,Frazer Bone,2020-07-31,opex,111.85300815116432
200,Havin Cope,2020-05-09,clawback,168.19515285839685
201,Grady Kearney,2020-05-17,opex,33.573020086822766
202,Iyla Tate,2020-06-05,income,142.0929410240812
203,Marie Pugh,2020-01-21,opex,76.05573983378518
204,Marie Pugh,2020-07-03,clawback,107.43222125444305
205,Havin Cope,2020-07-22,income,166.3889060281054
206,Iyla Tate,2020-07-10,clawback,15.179407330023848
207,Grady Kearney,2020-06-28,income,62.08128424289945
208,Iyla Tate,2020-09-08,income,257.5789505488803
209,Marie Pugh,2020-07-21,clawback,488.2252341538598
210,Marie Pugh,2020-05-24,opex,79.71859320118966
211,Grady Kearney,2020-02-01,clawback,352.04138454034967
212,Havin Cope,2020-08-03,opex,64.2699505097034
213,Frazer Bone,2020-03-11,clawback,397.66206978370576
214,Iyla Tate,2020-08-18,opex,104.4856159888925
215,Frazer Bone,2020-09-01,opex,243.88056213139123
216,Grady Kearney,2020-01-09,clawback,87.91040621454833
217,Iyla Tate,2020-05-20,opex,14.098285452604664
218,Iyla Tate,2020-09-26,clawback,2.802115908433778
219,Havin Cope,2020-02-03,income,210.28382142985984
220,Frazer Bone,2020-05-07,income,337.87063885955513
221,Marie Pugh,2020-02-24,income,37.821089171993655
222,Marie Pugh,2020-07-22,income,390.6094228562684
223,Frazer Bone,2020-08-29,income,1199.4435986466538
224,Frazer Bone,2020-03-09,income,412.0599225336224
225,Frazer Bone,2020-07-10,opex,4.971020491739788
226,Iyla Tate,2020-10-15,opex,116.2091068074802
227,Havin Cope,2020-06-25,income,435.93064876439524
228,Grady Kearney,2020-04-07,clawback,70.47002571158053
229,Frazer Bone,2020-05-10,income,99.37743624531052
230,Marie Pugh,2020-02-23,income,133.91029686695094
231,Frazer Bone,2020-05-14,opex,130.0644522627264
232,Havin Cope,2020-03-12,opex,12.251844458303012
233,Grady Kearney,2020-08-20,income,20.507225567416686
234,Marie Pugh,2020-07-13,opex,61.82698576045359
235,Havin Cope,2020-08-19,clawback,354.60468057605
236,Iyla Tate,2020-10-10,clawback,45.246482650700166
237,Havin Cope,2020-04-14,opex,81.85647583418182
238,Havin Cope,2020-03-16,income,171.6695058083574
239,Frazer Bone,2020-09-09,income,70.13852786286023
240,Marie Pugh,2020-03-30,opex,39.50993926017044
241,Marie Pugh,2020-07-03,clawback,102.94704234695551
242,Frazer Bone,2020-02-06,opex,25.252254959795767
243,Havin Cope,2020-08-21,opex,112.26660805643476
244,Havin Cope,2020-01-21,income,160.07918650144794
245,Iyla Tate,2020-07-16,income,51.61598330290702
246,Iyla Tate,2020-06-13,clawback,79.52974920287691
247,Havin Cope,2020-05-07,opex,7.881746018987462
248,Frazer Bone,2020-02-24,opex,18.444156909415987
249,Grady Kearney,2020-08-02,opex,32.3247750767077
250,Havin Cope,2020-03-04,income,301.5219606717729
251,Marie Pugh,2020-02-23,opex,4.411659800851272
252,Grady Kearney,2020-06-05,opex,18.60823530386453
253,Frazer Bone,2020-09-14,income,5.310211282432325
254,Marie Pugh,2020-03-16,clawback,199.77472089119343
255,Frazer Bone,2020-03-08,opex,64.45270581978941
256,Iyla Tate,2020-06-24,clawback,2.5198592913993134
257,Iyla Tate,2020-11-26,clawback,202.8588415673772
258,Havin Cope,2020-01-07,clawback,154.51316581865
259,Marie Pugh,2020-04-25,income,296.4008778140758
260,Havin Cope,2020-07-06,opex,62.83770167989851
261,Frazer Bone,2020-08-13,opex,41.39768571734926
262,Marie Pugh,2020-01-24,clawback,779.7399139105058
263,Marie Pugh,2020-03-12,income,267.4871575660504
264,Marie Pugh,2020-06-19,clawback,306.2868863813664
265,Havin Cope,2020-02-08,opex,6.149576154250645
266,Iyla Tate,2020-11-12,opex,30.617156915549952
267,Iyla Tate,2020-10-20,opex,0.07735990983317877
268,Frazer Bone,2020-06-02,income,22.104802668762932
269,Grady Kearney,2020-02-10,opex,12.750550108293373
270,Iyla Tate,2020-11-15,clawback,519.9518866316924
271,Iyla Tate,2020-07-13,opex,16.223117836263555
272,Marie Pugh,2020-06-24,clawback,56.00043038835781
273,Marie Pugh,2020-04-17,income,336.3164720129709
274,Havin Cope,2020-07-08,opex,4.755429896348404
275,Frazer Bone,2020-06-27,income,404.00956133658406
276,Frazer Bone,2020-04-18,opex,100.30140600452341
277,Havin Cope,2020-05-29,income,2.678777394551572
278,Iyla Tate,2020-11-08,income,104.96703149157219
279,Havin Cope,2020-05-15,income,542.2862598812964
280,Grady Kearney,2020-06-07,opex,54.857424512743115
281,Marie Pugh,2020-08-21,opex,43.82308552631836
282,Grady Kearney,2020-01-20,income,741.3023394376359
283,Havin Cope,2020-01-18,income,14.693459939243086
284,Grady Kearney,2020-01-20,income,547.6073740539617
285,Grady Kearney,2020-01-31,clawback,57.34678632400203
286,Havin Cope,2020-06-10,opex,12.404685622137196
287,Havin Cope,2020-05-29,clawback,43.00415770253598
288,Frazer Bone,2020-05-01,income,34.86332682884454
289,Frazer Bone,2020-03-20,clawback,84.9487884213053
290,Iyla Tate,2020-10-22,clawback,437.7259391165846
291,Grady Kearney,2020-05-31,clawback,275.87919588785456
292,Grady Kearney,2020-01-12,opex,42.90033879928048
293,Marie Pugh,2020-07-17,opex,45.51358994333969
294,Iyla Tate,2020-10-07,opex,136.79420727200616
295,Grady Kearney,2020-01-31,clawback,180.5101716009783
296,Havin Cope,2020-01-04,income,373.6136422834273
297,Iyla Tate,2020-10-05,opex,17.019548473921745
298,Grady Kearney,2020-02-19,opex,62.53839386426839
299,Frazer Bone,2020-09-08,opex,11.574572945765544
300,Frazer Bone,2020-05-28,opex,82.59342926772814
301,Marie Pugh,2020-08-05,opex,33.459425247932565
302,Havin Cope,2020-08-15,income,212.96661397676763
303,Grady Kearney,2020-01-19,clawback,11.430331146183645
304,Havin Cope,2020-05-10,income,213.33708277768181
305,Frazer Bone,2020-06-01,opex,70.29604771838913
306,Iyla Tate,2020-11-29,opex,124.4339348036019
307,Iyla Tate,2020-11-14,income,1208.9209987352863
308,Frazer Bone,2020-08-22,clawback,564.667062200549
309,Iyla Tate,2020-10-30,income,396.17981975232294
310,Iyla Tate,2020-08-03,opex,124.00103051164723
311,Marie Pugh,2020-05-06,opex,6.756534802943811
312,Havin Cope,2020-03-10,income,42.82501942108618
313,Havin Cope,2020-07-29,opex,10.948148994365516
314,Havin Cope,2020-01-04,clawback,12.752056173563123
315,Havin Cope,2020-03-07,income,219.32683094373988
316,Iyla Tate,2020-10-15,income,53.139338496810055
317,Frazer Bone,2020-04-19,opex,107.66668712364402
318,Marie Pugh,2020-08-24,opex,22.446756167592394
319,Frazer Bone,2020-08-29,income,100.90177428035945
320,Frazer Bone,2020-08-18,income,17.705050194087598
321,Marie Pugh,2020-04-18,opex,92.60770116191571
322,Iyla Tate,2020-08-04,opex,119.02694708202661
323,Havin Cope,2020-07-05,income,195.2122180025391
324,Marie Pugh,2020-04-18,opex,38.83812714014194
325,Havin Cope,2020-03-29,opex,117.52836011696996
326,Frazer Bone,2020-04-10,opex,158.33232280730846
327,Havin Cope,2020-01-03,income,36.88327006210917
328,Marie Pugh,2020-08-13,income,135.54257719945002
329,Marie Pugh,2020-07-06,income,134.88305111477692
330,Marie Pugh,2020-08-27,income,42.38487769553848
331,Grady Kearney,2020-02-16,clawback,11.235478254587834
332,Grady Kearney,2020-06-23,opex,6.21442833415472
333,Iyla Tate,2020-10-12,income,1.4154320029722436
334,Iyla Tate,2020-11-30,opex,45.49052663184825
335,Grady Kearney,2020-07-20,opex,70.94400358536865
336,Marie Pugh,2020-07-27,income,265.6560179946664
337,Grady Kearney,2020-06-09,income,839.6870221163922
338,Grady Kearney,2020-06-17,income,330.4578739438609
339,Havin Cope,2020-07-05,income,49.58030392812836
340,Iyla Tate,2020-11-18,income,443.5028251790065
341,Marie Pugh,2020-07-29,opex,12.06479202397723
342,Frazer Bone,2020-06-27,opex,62.185407033050446
343,Marie Pugh,2020-04-25,opex,103.65672428429598
344,Havin Cope,2020-08-17,income,606.6268224841813
345,Grady Kearney,2020-05-15,income,45.41700766594041
346,Havin Cope,2020-04-28,clawback,1215.3396080788796
347,Frazer Bone,2020-06-20,opex,9.553933336853564
348,Havin Cope,2020-02-20,opex,8.596338982406346
349,Marie Pugh,2020-02-15,opex,19.31751237971044
350,Grady Kearney,2020-08-23,income,211.09264281994555
351,Grady Kearney,2020-07-31,opex,40.250996398929864
352,Iyla Tate,2020-06-28,opex,22.11712523908184
353,Iyla Tate,2020-08-09,clawback,1.3030464642934698
354,Marie Pugh,2020-03-23,opex,129.02932093866139
355,Iyla Tate,2020-12-04,income,149.5686122499513
356,Frazer Bone,2020-08-04,clawback,111.4057028115405
357,Iyla Tate,2020-08-29,income,416.9121813799889
358,Grady Kearney,2020-08-09,income,114.06666486875552
359,Marie Pugh,2020-07-18,income,317.02887069547614
360,Havin Cope,2020-07-31,clawback,44.81731146691923
361,Havin Cope,2020-04-07,clawback,8.753507505060083
362,Grady Kearney,2020-02-20,opex,4.817809098649178
363,Marie Pugh,2020-02-05,clawback,222.7269983096618
364,Grady Kearney,2020-06-13,clawback,387.49583583414824
365,Marie Pugh,2020-04-28,opex,94.0747160298286
366,Havin Cope,2020-04-03,income,583.5182909169756
367,Havin Cope,2020-03-18,opex,60.51237537042369
368,Iyla Tate,2020-04-11,income,100.9569935558849
369,Frazer Bone,2020-05-26,opex,8.545807649484557
370,Frazer Bone,2020-07-19,opex,96.61792923086757
371,Frazer Bone,2020-04-20,income,141.3217362382224
372,Frazer Bone,2020-06-19,income,341.01894266003006
373,Havin Cope,2020-03-21,income,514.2976585935498
374,Havin Cope,2020-06-10,opex,65.02270631922207
375,Frazer Bone,2020-02-18,income,99.26629746037337
376,Havin Cope,2020-03-31,opex,44.61377069511568
377,Grady Kearney,2020-06-10,income,313.6674298045588
378,Grady Kearney,2020-02-04,clawback,159.04178128772085
379,Grady Kearney,2020-05-29,clawback,114.02393303105356
380,Iyla Tate,2020-08-02,clawback,474.1471592067951
381,Marie Pugh,2020-07-30,income,287.83435605228425
382,Iyla Tate,2020-04-26,income,37.21772513188751
383,Grady Kearney,2020-07-09,income,37.023959275002746
384,Iyla Tate,2020-11-05,income,392.0445195933185
385,Havin Cope,2020-04-09,income,398.2843570403918
386,Marie Pugh,2020-06-04,opex,1.322800697313096
387,Marie Pugh,2020-02-18,clawback,7.934244452080598
388,Havin Cope,2020-05-06,opex,47.959169606772576
389,Grady Kearney,2020-06-10,opex,2.9374460029586493
390,Frazer Bone,2020-08-03,income,57.378414707555685
391,Frazer Bone,2020-05-20,clawback,21.62852073707034
392,Frazer Bone,2020-08-30,opex,28.576134544023752
393,Iyla Tate,2020-05-20,opex,25.639544844841623
394,Grady Kearney,2020-06-09,income,571.5340680600265
395,Grady Kearney,2020-08-23,income,263.1548324050289
396,Havin Cope,2020-03-21,clawback,11.857674632312213
397,Marie Pugh,2020-03-31,income,380.80476431246007
398,Havin Cope,2020-05-01,income,88.46237293946137
399,Marie Pugh,2020-08-03,income,0.5637153247777685
400,Havin Cope,2020-01-17,income,886.3430114642133
401,Iyla Tate,2020-05-10,opex,28.870859059997798
402,Grady Kearney,2020-03-20,income,47.08501238333456
403,Frazer Bone,2020-03-17,income,240.89916153487553
404,Havin Cope,2020-07-23,income,281.0394461037602
405,Iyla Tate,2020-06-28,income,775.298003358915
406,Marie Pugh,2020-06-30,income,145.78721666256098
407,Iyla Tate,2020-08-17,clawback,40.99789583595732
408,Grady Kearney,2020-04-06,opex,114.67585152398485
409,Marie Pugh,2020-01-15,clawback,278.1985987511777
410,Grady Kearney,2020-04-24,opex,29.274622649211263
411,Frazer Bone,2020-03-05,opex,60.97448202408346
412,Havin Cope,2020-07-13,clawback,234.011336517314
413,Iyla Tate,2020-10-19,opex,11.617911587506944
414,Marie Pugh,2020-03-28,clawback,49.82013626819896
415,Iyla Tate,2020-07-05,opex,66.76166180202536
416,Iyla Tate,2020-09-01,income,516.2869767987954
417,Marie Pugh,2020-07-18,opex,202.64391431159297
418,Marie Pugh,2020-03-14,income,432.5432068879428
419,Grady Kearney,2020-06-17,opex,38.120798627551196
420,Frazer Bone,2020-05-22,clawback,306.9122168044986
421,Marie Pugh,2020-05-17,clawback,386.4130277109187
422,Iyla Tate,2020-11-27,income,326.5954521218387
423,Grady Kearney,2020-08-02,income,97.08657748357611
424,Grady Kearney,2020-08-06,opex,63.71200156184542
425,Iyla Tate,2020-06-05,opex,4.47251801630591
426,Marie Pugh,2020-07-12,income,332.4725529715611
427,Iyla Tate,2020-07-30,income,483.9345336663676
428,Frazer Bone,2020-07-25,opex,64.95691706415175
429,Iyla Tate,2020-09-07,opex,2.568510497540269
430,Frazer Bone,2020-03-12,clawback,223.93865855742828
431,Havin Cope,2020-04-19,clawback,24.334263412863347
432,Frazer Bone,2020-04-17,opex,18.28981166686258
433,Marie Pugh,2020-08-21,income,98.2752906009228
434,Marie Pugh,2020-01-19,income,227.54070490780722
435,Grady Kearney,2020-01-24,clawback,409.7631101819101
436,Grady Kearney,2020-01-29,income,32.522424581180175
437,Havin Cope,2020-06-21,opex,14.061516661468962
438,Marie Pugh,2020-07-01,opex,77.62966214083526
439,Havin Cope,2020-02-26,income,80.26445343160712
440,Frazer Bone,2020-06-12,clawback,43.751686129289205
441,Havin Cope,2020-04-12,clawback,651.1562166933547
442,Marie Pugh,2020-01-10,clawback,131.12415587444517
443,Marie Pugh,2020-02-18,opex,25.12886853739125
444,Frazer Bone,2020-03-23,opex,39.225412720529974
445,Frazer Bone,2020-06-11,income,456.8799532925491
446,Grady Kearney,2020-06-01,income,127.12529984879598
447,Frazer Bone,2020-05-29,clawback,126.38269004967154
448,Grady Kearney,2020-03-25,income,233.8386451227753
449,Havin Cope,2020-04-28,clawback,232.17632121689516
450,Marie Pugh,2020-04-20,clawback,78.59716159709568
451,Frazer Bone,2020-09-20,income,294.54913712354994
452,Frazer Bone,2020-08-05,income,96.75927531941139
453,Marie Pugh,2020-08-04,income,4.550292678596535
454,Grady Kearney,2020-06-11,opex,110.33248313634863
455,Havin Cope,2020-02-07,income,17.981153102218546
456,Grady Kearney,2020-04-29,income,116.60224236550866
457,Frazer Bone,2020-06-25,opex,129.54812208947945
458,Grady Kearney,2020-03-25,income,189.45808370875577
459,Havin Cope,2020-03-13,income,6.58759392618428
460,Havin Cope,2020-08-19,clawback,1047.1503860478374
461,Grady Kearney,2020-05-21,income,273.20153141260164
462,Marie Pugh,2020-07-10,income,94.02158123036112
463,Havin Cope,2020-06-16,clawback,189.06378856361496
464,Frazer Bone,2020-06-01,income,582.4920175793125
465,Iyla Tate,2020-10-03,clawback,10.242644385038464
466,Iyla Tate,2020-04-18,income,15.803245632398058
467,Grady Kearney,2020-02-05,income,0.07679698674787995
468,Grady Kearney,2020-05-15,income,38.28786542294422
469,Havin Cope,2020-05-26,opex,45.17780751685238
470,Iyla Tate,2020-08-22,income,331.0535521742525
471,Havin Cope,2020-04-06,opex,42.846571311889335
472,Havin Cope,2020-05-28,opex,76.92988650824255
473,Marie Pugh,2020-05-06,opex,11.31891146465074
474,Marie Pugh,2020-01-10,income,151.43399985724557
475,Marie Pugh,2020-02-20,opex,182.49753812962206
476,Iyla Tate,2020-11-29,opex,32.008033255229385
477,Iyla Tate,2020-09-01,opex,11.87211590608875
478,Iyla Tate,2020-07-24,opex,38.33317008092758
479,Havin Cope,2020-08-23,opex,99.12015765841498
480,Marie Pugh,2020-07-11,income,287.4375668403193
481,Frazer Bone,2020-07-16,clawback,2.1154959935817197
482,Grady Kearney,2020-05-09,income,22.32600571785746
483,Marie Pugh,2020-08-21,opex,111.76759574897956
484,Frazer Bone,2020-09-16,opex,40.72643103505997
485,Iyla Tate,2020-07-29,clawback,112.24270469061055
486,Marie Pugh,2020-02-26,clawback,446.949301141053
487,Grady Kearney,2020-02-11,income,529.3123599645377
488,Iyla Tate,2020-08-25,clawback,32.595470704516465
489,Frazer Bone,2020-02-21,clawback,36.61486055393387
490,Grady Kearney,2020-01-22,income,927.9620495064368
491,Frazer Bone,2020-07-13,clawback,383.2623222227134
492,Frazer Bone,2020-06-08,clawback,97.64473064448931
493,Frazer Bone,2020-03-19,income,414.2388219852003
494,Havin Cope,2020-01-31,income,106.35052014920004
495,Marie Pugh,2020-04-14,clawback,31.871775272736947
496,Marie Pugh,2020-05-17,opex,46.96164210565113
497,Havin Cope,2020-07-12,opex,52.86962348056574
498,Marie Pugh,2020-03-30,opex,2.7030898543654502
499,Iyla Tate,2020-04-28,opex,84.57492459640909
500,Grady Kearney,2020-02-29,income,221.1430909231039
501,Frazer Bone,2020-08-22,income,684.491198349401
502,Havin Cope,2020-04-15,income,228.70845252874483
503,Frazer Bone,2020-08-11,opex,76.11831273860571
504,Grady Kearney,2020-01-09,income,735.645801373878
505,Iyla Tate,2020-06-14,opex,55.339505630784835
506,Iyla Tate,2020-06-19,opex,25.09957730725194
507,Grady Kearney,2020-03-25,opex,17.07698648326269
508,Havin Cope,2020-02-01,opex,61.90458110598578
509,Grady Kearney,2020-02-06,opex,65.63628600100374
510,Frazer Bone,2020-07-15,opex,48.16562907628581
511,Havin Cope,2020-08-04,opex,136.55937351136157
512,Iyla Tate,2020-07-28,opex,11.122512137364936
513,Havin Cope,2020-01-22,opex,36.859700971786175
514,Frazer Bone,2020-03-09,clawback,375.4055315902755
515,Grady Kearney,2020-01-29,opex,75.54165364144836
516,Grady Kearney,2020-06-20,income,55.02578446785636
517,Havin Cope,2020-06-16,income,26.29853249410071
518,Iyla Tate,2020-10-30,income,27.93039654272808
519,Marie Pugh,2020-07-16,opex,86.09464398526215
520,Iyla Tate,2020-05-05,clawback,219.81346966941663
521,Frazer Bone,2020-07-01,income,610.8762303962951
522,Frazer Bone,2020-05-27,opex,45.83279662705523
523,Marie Pugh,2020-02-01,clawback,244.1957413081925
524,Marie Pugh,2020-05-25,clawback,110.11089374470384
525,Marie Pugh,2020-02-12,opex,32.8804229833437
526,Marie Pugh,2020-04-11,income,471.6837303183222
527,Marie Pugh,2020-02-03,clawback,142.53089668459228
528,Havin Cope,2020-06-28,opex,33.18049125984346
529,Grady Kearney,2020-07-15,opex,4.885915021985889
530,Frazer Bone,2020-06-07,opex,55.898088268711696
531,Iyla Tate,2020-11-30,income,24.985516006300433
532,Iyla Tate,2020-08-18,clawback,165.51572756027846
533,Havin Cope,2020-06-18,income,358.42038349161714
534,Grady Kearney,2020-07-12,opex,31.341929301573483
535,Havin Cope,2020-02-05,clawback,300.67470323627174
536,Frazer Bone,2020-06-01,income,347.1755558321741
537,Havin Cope,2020-08-24,clawback,327.21719112028205
538,Grady Kearney,2020-01-11,income,732.9698326896428
539,Frazer Bone,2020-05-16,opex,34.92140497676085
540,Havin Cope,2020-06-13,opex,78.49780687101095
541,Frazer Bone,2020-03-16,income,30.644602183937373
542,Havin Cope,2020-04-18,opex,95.58592871775747
543,Iyla Tate,2020-10-27,opex,34.644410833503336
544,Havin Cope,2020-01-28,clawback,162.13320657445072
545,Iyla Tate,2020-07-02,opex,7.349472160205798
546,Havin Cope,2020-04-22,opex,26.599775335563486
547,Frazer Bone,2020-08-05,income,188.17972815208938
548,Havin Cope,2020-05-03,opex,112.7440604039307
549,Marie Pugh,2020-01-29,income,646.3718341988765
550,Marie Pugh,2020-06-05,income,273.56876014917674
551,Iyla Tate,2020-05-06,income,152.49343424189786
552,Havin Cope,2020-03-18,income,63.41394429863558
553,Havin Cope,2020-05-05,opex,2.2423316769721033
554,Frazer Bone,2020-07-14,income,228.6433516264442
555,Iyla Tate,2020-10-16,opex,24.676233282764525
556,Frazer Bone,2020-04-28,income,531.4539742217898
557,Frazer Bone,2020-04-14,income,701.0984142127593
558,Frazer Bone,2020-02-11,income,55.169769657646476
559,Grady Kearney,2020-07-11,opex,134.1099766644795
560,Grady Kearney,2020-08-03,opex,18.993906673368137
561,Grady Kearney,2020-07-01,income,1054.1968027810506
562,Iyla Tate,2020-07-14,income,207.88190004325352
563,Havin Cope,2020-07-26,clawback,400.14508685433725
564,Grady Kearney,2020-05-07,opex,18.294069387675833
565,Marie Pugh,2020-05-26,opex,2.5616410120790754
566,Grady Kearney,2020-07-19,opex,54.706858861830476
567,Havin Cope,2020-06-19,opex,1.1154130209101218
568,Havin Cope,2020-04-25,income,231.90319872259403
569,Grady Kearney,2020-01-10,income,79.19304932432601
570,Frazer Bone,2020-06-07,opex,14.822527999575758
571,Marie Pugh,2020-07-24,income,168.454532862721
572,Grady Kearney,2020-05-04,opex,15.330248959583315
573,Grady Kearney,2020-07-07,income,532.2761905215777
574,Grady Kearney,2020-05-14,income,459.9321732140494
575,Iyla Tate,2020-04-27,income,454.5561815182118
576,Marie Pugh,2020-06-18,opex,50.63095176558845
577,Frazer Bone,2020-04-01,clawback,131.51658795962064
578,Marie Pugh,2020-08-24,income,206.58851173707725
579,Havin Cope,2020-01-04,opex,106.71894994018439
580,Marie Pugh,2020-04-09,opex,15.96584188078445
581,Frazer Bone,2020-02-18,income,118.47438337160727
582,Havin Cope,2020-07-17,income,35.69449654858604
583,Iyla Tate,2020-07-08,clawback,331.66858834665464
584,Marie Pugh,2020-01-08,income,158.190490222218
585,Frazer Bone,2020-02-24,income,116.04923113861561
586,Havin Cope,2020-01-15,income,21.576721451469663
587,Iyla Tate,2020-11-03,income,956.2245093456467
588,Marie Pugh,2020-06-19,income,55.1076473281334
589,Havin Cope,2020-07-11,income,205.2882408335976
590,Iyla Tate,2020-07-22,opex,7.511275218552091
591,Frazer Bone,2020-05-25,income,263.2031293056033
592,Frazer Bone,2020-09-14,opex,57.224895493074634
593,Grady Kearney,2020-04-07,income,350.03940732012325
594,Frazer Bone,2020-04-21,opex,29.49558124305371
595,Marie Pugh,2020-01-02,income,90.62264102140529
596,Iyla Tate,2020-07-18,opex,112.17900896648464
597,Grady Kearney,2020-01-27,clawback,394.6695254693636
598,Grady Kearney,2020-07-23,income,108.45549000527788
599,Frazer Bone,2020-04-24,opex,5.111430518590289
600,Marie Pugh,2020-02-29,clawback,141.97571952380147
601,Marie Pugh,2020-05-13,income,405.69697158233356
602,Grady Kearney,2020-05-15,opex,44.35642597743605
603,Iyla Tate,2020-10-04,opex,24.431059171739715
604,Marie Pugh,2020-06-04,income,22.957686063368065
605,Iyla Tate,2020-06-12,opex,46.947253088752745
606,Marie Pugh,2020-06-06,income,1087.4470512535659
607,Marie Pugh,2020-01-15,income,170.478838035774
608,Frazer Bone,2020-09-02,income,125.72723268641745
609,Iyla Tate,2020-06-08,clawback,70.62750206714237
610,Havin Cope,2020-02-20,opex,155.36827941912676
611,Grady Kearney,2020-05-18,opex,5.184113439877114
612,Havin Cope,2020-01-11,opex,53.677740671512474
613,Marie Pugh,2020-03-22,income,36.9548163661162
614,Grady Kearney,2020-05-11,clawback,7.45684112448136
615,Grady Kearney,2020-08-19,income,285.17709330106777
616,Marie Pugh,2020-08-28,clawback,75.72404681891949
617,Grady Kearney,2020-01-11,income,140.87142745546598
618,Havin Cope,2020-01-06,clawback,678.6749002391476
619,Grady Kearney,2020-02-03,income,48.61705217475046
620,Grady Kearney,2020-07-27,opex,54.88497427022389
621,Grady Kearney,2020-07-14,clawback,357.79802961425526
622,Frazer Bone,2020-03-29,opex,15.52977593111643
623,Havin Cope,2020-03-30,income,630.352721736455
624,Marie Pugh,2020-07-24,clawback,175.66449962895726
625,Frazer Bone,2020-02-27,income,101.75466438953879
626,Grady Kearney,2020-05-13,opex,9.672145366255618
627,Grady Kearney,2020-04-03,income,50.7531271215562
628,Marie Pugh,2020-08-13,income,346.70438630764204
629,Iyla Tate,2020-07-01,opex,42.6921251375524
630,Grady Kearney,2020-02-12,income,45.76737920803188
631,Iyla Tate,2020-09-01,income,448.09736271555056
632,Grady Kearney,2020-06-08,opex,78.60525434818904
633,Havin Cope,2020-01-30,clawback,1951.010611154038
634,Grady Kearney,2020-05-06,opex,122.23817806604112
635,Iyla Tate,2020-07-06,opex,15.971231782360254
636,Grady Kearney,2020-03-06,income,66.9807828360358
637,Havin Cope,2020-03-19,income,219.4113844599515
638,Frazer Bone,2020-05-26,opex,52.83032105772212
639,Grady Kearney,2020-06-22,opex,171.75911006990964
640,Grady Kearney,2020-04-15,income,441.692994702874
641,Grady Kearney,2020-07-24,clawback,154.7578823680672
642,Havin Cope,2020-04-10,opex,77.19136559659943
643,Frazer Bone,2020-05-06,income,145.00843052337135
644,Grady Kearney,2020-07-27,income,108.79188991115504
645,Frazer Bone,2020-03-29,opex,61.65774502779065
646,Marie Pugh,2020-02-21,opex,21.246707261091206
647,Marie Pugh,2020-04-13,income,383.9477676330615
648,Marie Pugh,2020-04-17,income,79.10298502931778
649,Havin Cope,2020-07-13,clawback,39.73860477145518
650,Marie Pugh,2020-08-12,clawback,403.1338045272264
651,Grady Kearney,2020-07-21,opex,4.672222220714049
652,Iyla Tate,2020-10-28,opex,94.92001860694668
653,Iyla Tate,2020-06-15,opex,33.807926996022275
654,Havin Cope,2020-01-29,income,190.94999192125206
655,Havin Cope,2020-08-20,opex,18.16839465367049
656,Iyla Tate,2020-04-17,opex,28.08367591913892
657,Grady Kearney,2020-02-25,income,232.08479955796034
658,Havin Cope,2020-06-19,clawback,161.2480471966704
659,Iyla Tate,2020-07-12,opex,9.721178762872722
660,Frazer Bone,2020-05-22,opex,44.40093459801258
661,Havin Cope,2020-08-07,opex,142.488823727404
662,Frazer Bone,2020-08-27,opex,36.83334437355866
663,Havin Cope,2020-03-29,opex,20.852773528319457
664,Marie Pugh,2020-02-06,opex,76.01222144991421
665,Frazer Bone,2020-05-05,opex,32.16701686010445
666,Frazer Bone,2020-07-06,clawback,349.7827089441312
667,Havin Cope,2020-06-05,opex,136.28279720625508
668,Frazer Bone,2020-09-01,clawback,13.330742523103023
669,Havin Cope,2020-05-17,opex,110.96596784198604
670,Havin Cope,2020-05-24,opex,29.438338281189857
671,Frazer Bone,2020-07-14,opex,65.07740677704528
672,Havin Cope,2020-03-22,income,795.1047017382813
673,Havin Cope,2020-02-10,clawback,408.92904392772647
674,Iyla Tate,2020-06-18,opex,117.4955734084846
675,Grady Kearney,2020-01-25,income,555.806872038199
676,Frazer Bone,2020-08-15,income,112.08725677796052
677,Grady Kearney,2020-07-22,income,27.45047673041964
678,Grady Kearney,2020-04-02,opex,16.53591796917116
679,Frazer Bone,2020-05-20,opex,48.37218783918519
680,Iyla Tate,2020-06-14,income,164.97672810392777
681,Havin Cope,2020-07-03,opex,2.24168081696643
682,Frazer Bone,2020-09-08,income,155.87549096765423
683,Havin Cope,2020-02-25,opex,46.02704716964973
684,Marie Pugh,2020-05-24,opex,15.183305521598642
685,Iyla Tate,2020-05-06,clawback,78.18845102189903
686,Grady Kearney,2020-03-04,income,16.66479820862921
687,Grady Kearney,2020-04-01,opex,13.576355494464817
688,Marie Pugh,2020-04-21,income,139.66896956264554
689,Frazer Bone,2020-03-09,income,211.74844381055155
690,Iyla Tate,2020-04-21,income,112.00684082486345
691,Marie Pugh,2020-07-05,opex,79.35893753503996
692,Havin Cope,2020-08-20,opex,91.1255684053034
693,Marie Pugh,2020-04-11,income,186.7630062867254
694,Havin Cope,2020-08-07,opex,133.83231983778336
695,Grady Kearney,2020-05-31,income,19.540538976790646
696,Marie Pugh,2020-06-13,clawback,262.6876084469395
697,Marie Pugh,2020-07-19,income,96.99378659658187
698,Havin Cope,2020-05-10,income,1006.6992511901012
699,Iyla Tate,2020-05-09,clawback,65.21400471888163
700,Grady Kearney,2020-02-12,opex,67.3884639651414
701,Grady Kearney,2020-05-12,income,175.88255540849858
702,Grady Kearney,2020-05-12,opex,53.11693165570862
703,Marie Pugh,2020-02-26,opex,13.346003983439001
704,Frazer Bone,2020-08-31,income,7.699020536117925
705,Grady Kearney,2020-08-16,clawback,174.01026315149866
706,Havin Cope,2020-02-16,opex,55.61090504887007
707,Grady Kearney,2020-07-21,income,823.5897432227384
708,Marie Pugh,2020-06-14,income,7.414376471587515
709,Frazer Bone,2020-04-01,opex,94.11226929960647
710,Marie Pugh,2020-02-20,opex,15.693201517527394
711,Iyla Tate,2020-07-03,income,38.52301877705717
712,Grady Kearney,2020-07-20,opex,59.06952711852009
713,Grady Kearney,2020-08-17,opex,29.28860185625294
714,Iyla Tate,2020-12-05,opex,47.08580226645261
715,Havin Cope,2020-02-08,income,667.1571166091231
716,Frazer Bone,2020-07-17,opex,57.11520603032258
717,Iyla Tate,2020-09-11,opex,19.735886345896148
718,Iyla Tate,2020-06-28,opex,85.44868293831743
719,Havin Cope,2020-03-10,opex,24.27845590588542
720,Iyla Tate,2020-06-02,income,188.81234511057403
721,Frazer Bone,2020-05-16,opex,50.57811179777898
722,Havin Cope,2020-08-23,opex,42.172706967583714
723,Iyla Tate,2020-08-26,income,586.2024263301953
724,Frazer Bone,2020-06-12,opex,4.7610317817669205
725,Grady Kearney,2020-07-09,opex,5.145806032073547
726,Marie Pugh,2020-06-18,opex,62.35404756801658
727,Frazer Bone,2020-05-10,opex,21.271243133706385
728,Havin Cope,2020-05-10,opex,185.43981581039262
729,Iyla Tate,2020-07-10,opex,77.05285029042206
730,Frazer Bone,2020-06-22,opex,52.120722962317444
731,Frazer Bone,2020-08-19,clawback,446.09782788989
732,Havin Cope,2020-03-26,income,281.4587441600039
733,Iyla Tate,2020-11-04,clawback,11.39662533644203
734,Marie Pugh,2020-07-24,opex,68.6671094930607
735,Iyla Tate,2020-05-27,income,465.5496073481005
736,Grady Kearney,2020-07-29,income,534.0938895869555
737,Iyla Tate,2020-11-09,income,475.77409782329653
738,Frazer Bone,2020-06-13,income,647.8474108421085
739,Havin Cope,2020-06-30,income,10.600417782968869
740,Frazer Bone,2020-09-23,opex,171.95538224391942
741,Havin Cope,2020-03-01,clawback,222.02633083064836
742,Frazer Bone,2020-07-31,income,71.71351355378579
743,Marie Pugh,2020-01-18,income,129.62059821847373
744,Iyla Tate,2020-10-16,income,707.6535462190461
745,Grady Kearney,2020-07-02,opex,26.573920635352295
746,Iyla Tate,2020-09-05,income,478.32696738708006
747,Iyla Tate,2020-08-21,income,174.3917676058301
748,Frazer Bone,2020-03-04,income,253.21496895486567
749,Frazer Bone,2020-05-27,income,110.63535266634776
750,Grady Kearney,2020-03-27,opex,64.2968971993518
751,Frazer Bone,2020-09-04,opex,57.81247123143649
752,Marie Pugh,2020-02-27,clawback,16.888811087914235
753,Havin Cope,2020-07-07,clawback,52.83426092206931
754,Grady Kearney,2020-04-19,income,614.7113658503966
755,Grady Kearney,2020-06-01,opex,63.07504057846823
756,Marie Pugh,2020-03-18,income,402.0198060025023
757,Grady Kearney,2020-06-15,opex,54.005618152257384
758,Marie Pugh,2020-03-19,income,54.80555939867297
759,Grady Kearney,2020-08-18,income,133.7873869512954
760,Iyla Tate,2020-08-09,clawback,344.2723379132266
761,Grady Kearney,2020-06-01,clawback,506.80958891402133
762,Iyla Tate,2020-09-01,income,5.569534421992339
763,Grady Kearney,2020-05-13,income,29.427298476299836
764,Frazer Bone,2020-06-05,clawback,15.07818812877811
765,Frazer Bone,2020-02-01,income,193.4640548420105
766,Iyla Tate,2020-10-14,clawback,640.0595800412443
767,Marie Pugh,2020-08-13,income,87.92180317645561
768,Marie Pugh,2020-07-24,opex,11.77149305979893
769,Marie Pugh,2020-08-18,clawback,241.96868932812157
770,Havin Cope,2020-04-24,income,163.40819145410137
771,Iyla Tate,2020-07-26,clawback,286.66311768421934
772,Havin Cope,2020-04-02,clawback,415.05169967134117
773,Grady Kearney,2020-08-23,income,47.37636651113354
774,Havin Cope,2020-05-05,income,337.43586607128816
775,Frazer Bone,2020-02-10,income,37.02541257822742
776,Marie Pugh,2020-01-28,opex,25.750876908080777
777,Iyla Tate,2020-08-06,clawback,338.7904293984567
778,Marie Pugh,2020-04-10,opex,6.570487913338844
779,Frazer Bone,2020-04-17,income,12.12609731619678
780,Grady Kearney,2020-05-10,opex,25.69485715683657
781,Marie Pugh,2020-07-05,income,683.9359430466533
782,Havin Cope,2020-03-04,opex,60.62492498285642
783,Iyla Tate,2020-04-12,income,345.28270020833537
784,Iyla Tate,2020-11-22,clawback,235.14131559118474
785,Grady Kearney,2020-03-08,opex,81.67184873165641
786,Iyla Tate,2020-08-25,clawback,10.479149318819157
787,Frazer Bone,2020-04-12,opex,52.41804213607535
788,Frazer Bone,2020-05-31,income,38.09564448826081
789,Frazer Bone,2020-03-29,income,48.25603178850946
790,Havin Cope,2020-03-27,opex,19.597874140715913
791,Havin Cope,2020-03-14,clawback,67.77985423182716
792,Iyla Tate,2020-07-03,clawback,2.3581406405163334
793,Frazer Bone,2020-09-01,opex,100.48368943683619
794,Iyla Tate,2020-11-09,clawback,56.35579724885075
795,Grady Kearney,2020-02-13,clawback,394.0973187674471
796,Iyla Tate,2020-05-29,clawback,23.459580108059466
797,Frazer Bone,2020-05-19,income,272.60421994908523
798,Marie Pugh,2020-02-24,opex,0.496187672618453
799,Grady Kearney,2020-03-25,opex,142.8945235653905
800,Grady Kearney,2020-03-12,clawback,53.70526033472155
801,Iyla Tate,2020-08-15,clawback,90.25439849328254
802,Frazer Bone,2020-06-25,opex,33.206735316563815
803,Iyla Tate,2020-06-09,clawback,257.3558864419112
804,Havin Cope,2020-02-12,income,9.485202150173448
805,Iyla Tate,2020-10-06,clawback,169.58765173981527
806,Marie Pugh,2020-01-04,income,366.2683372616772
807,Grady Kearney,2020-03-17,income,875.2913802723632
808,Frazer Bone,2020-04-22,opex,56.336812582275186
809,Iyla Tate,2020-04-16,income,375.7028070349143
810,Grady Kearney,2020-06-26,income,351.44505866344105
811,Frazer Bone,2020-07-21,income,24.650117791892317
812,Havin Cope,2020-06-16,clawback,153.72786867579387
813,Iyla Tate,2020-07-21,income,57.714765894593995
814,Iyla Tate,2020-05-09,clawback,165.10924532809602
815,Marie Pugh,2020-07-14,income,137.64558877123838
816,Havin Cope,2020-03-06,income,23.65281627917463
817,Iyla Tate,2020-06-04,income,29.38850573670343
818,Frazer Bone,2020-07-27,income,813.9664639048631
819,Havin Cope,2020-04-28,clawback,275.2390447877896
820,Havin Cope,2020-01-09,income,81.84860757345558
821,Iyla Tate,2020-07-03,opex,93.1758462187686
822,Frazer Bone,2020-04-25,income,48.16746950575845
823,Havin Cope,2020-06-12,income,156.90527502840658
824,Grady Kearney,2020-05-25,opex,22.319748741752598
825,Iyla Tate,2020-10-16,opex,10.725659335908627
826,Frazer Bone,2020-09-07,income,280.08217212589733
827,Havin Cope,2020-06-30,clawback,33.69625116752891
828,Frazer Bone,2020-08-19,income,103.9723220925144
829,Frazer Bone,2020-05-18,income,1001.9598020291385
830,Marie Pugh,2020-03-15,income,407.83724712146835
831,Havin Cope,2020-02-13,opex,21.17840121201645
832,Marie Pugh,2020-04-25,opex,65.27276389353871
833,Grady Kearney,2020-07-21,opex,17.02433956879528
834,Havin Cope,2020-07-21,opex,4.733271067467334
835,Havin Cope,2020-04-01,opex,51.955892869550546
836,Grady Kearney,2020-04-20,income,407.87805429812477
837,Grady Kearney,2020-02-04,income,12.578194828394516
838,Grady Kearney,2020-01-25,clawback,350.7771088449582
839,Havin Cope,2020-02-01,income,132.67376976042334
840,Iyla Tate,2020-05-29,income,352.7558683173686
841,Havin Cope,2020-05-04,clawback,695.4067833819764
842,Marie Pugh,2020-04-10,income,180.39192334056807
843,Marie Pugh,2020-04-02,income,71.33067315089453
844,Havin Cope,2020-02-11,income,352.4645021615729
845,Grady Kearney,2020-07-17,clawback,184.80367706963617
846,Havin Cope,2020-03-19,income,63.18702373632923
847,Frazer Bone,2020-09-08,opex,4.4474809564553635
848,Marie Pugh,2020-05-08,clawback,158.27316248176442
849,Marie Pugh,2020-08-09,opex,0.9319344704921714
850,Frazer Bone,2020-07-24,income,287.56246085129976
851,Marie Pugh,2020-07-12,income,72.77859546271075
852,Havin Cope,2020-04-21,income,47.77515648870973
853,Grady Kearney,2020-05-05,clawback,395.07227716340384
854,Havin Cope,2020-02-15,clawback,79.08923705238037
855,Havin Cope,2020-06-29,opex,41.97687993746734
856,Havin Cope,2020-07-25,income,16.539535534116443
857,Iyla Tate,2020-09-09,opex,54.052213079864565
858,Grady Kearney,2020-03-20,opex,17.82132407802875
859,Marie Pugh,2020-06-23,income,132.16618144683403
860,Frazer Bone,2020-04-15,income,397.95423277135046
861,Frazer Bone,2020-08-26,opex,7.121740547812686
862,Havin Cope,2020-07-03,clawback,120.05590775275645
863,Grady Kearney,2020-01-30,clawback,38.904989336936715
864,Marie Pugh,2020-01-14,clawback,68.45858109581357
865,Frazer Bone,2020-08-30,opex,84.06410523677545
866,Iyla Tate,2020-11-20,income,38.232238075996285
867,Frazer Bone,2020-09-02,income,24.514690283427456
868,Marie Pugh,2020-03-10,income,67.89263803076936
869,Frazer Bone,2020-06-11,income,317.3277357756854
870,Iyla Tate,2020-10-26,income,63.07615940345317
871,Frazer Bone,2020-03-09,opex,76.71412159095955
872,Havin Cope,2020-02-01,opex,31.105286402774517
873,Frazer Bone,2020-07-19,opex,107.96215632305106
874,Iyla Tate,2020-09-17,opex,194.2040137281122
875,Iyla Tate,2020-06-07,income,805.8543753101726
876,Marie Pugh,2020-05-22,income,9.85412773704449
877,Grady Kearney,2020-08-05,income,12.666310002696456
878,Marie Pugh,2020-05-28,opex,70.22204489744162
879,Marie Pugh,2020-07-31,income,52.14484630516951
880,Iyla Tate,2020-10-18,income,14.218009884397441
881,Frazer Bone,2020-03-12,income,577.2407300359425
882,Marie Pugh,2020-02-28,income,23.257679591296693
883,Marie Pugh,2020-07-03,opex,12.863214485925415
884,Grady Kearney,2020-08-03,opex,68.17006689685472
885,Marie Pugh,2020-04-01,opex,12.021460433128757
886,Grady Kearney,2020-02-16,income,152.42624315782302
887,Grady Kearney,2020-04-08,opex,27.97206931216062
888,Marie Pugh,2020-06-21,opex,49.52132001701136
889,Grady Kearney,2020-08-25,income,414.7599868097319
890,Marie Pugh,2020-03-19,income,122.84111594237355
891,Marie Pugh,2020-04-14,opex,232.34534559509083
892,Iyla Tate,2020-07-29,income,411.8894915207185
893,Frazer Bone,2020-04-15,opex,24.182696326846116
894,Havin Cope,2020-04-14,income,33.85569365928561
895,Havin Cope,2020-04-16,income,464.5925635240782
896,Frazer Bone,2020-02-27,opex,89.5713741902324
897,Iyla Tate,2020-11-19,clawback,35.87626517342862
898,Grady Kearney,2020-07-05,clawback,99.93256006517403
899,Havin Cope,2020-07-12,opex,74.12226465971136
900,Marie Pugh,2020-03-03,income,1015.6488169258417
901,Iyla Tate,2020-12-04,income,742.3756525141695
902,Havin Cope,2020-08-04,income,150.63725176335106
903,Grady Kearney,2020-04-19,opex,8.901486258643615
904,Havin Cope,2020-02-09,income,85.43062694456367
905,Frazer Bone,2020-08-23,clawback,197.64117359717775
906,Frazer Bone,2020-08-16,clawback,327.23607921802125
907,Havin Cope,2020-08-21,income,251.39160345189504
908,Grady Kearney,2020-08-10,income,25.613053364003463
909,Havin Cope,2020-05-01,income,362.7187618424091
910,Grady Kearney,2020-02-04,opex,71.92065826086905
911,Frazer Bone,2020-08-28,opex,89.83890800204418
912,Havin Cope,2020-03-23,income,570.7248261340399
913,Iyla Tate,2020-06-08,opex,61.07724779087905
914,Frazer Bone,2020-04-13,opex,45.38480278729577
915,Havin Cope,2020-06-07,clawback,17.015151517100758
916,Frazer Bone,2020-05-23,income,112.5120495564993
917,Frazer Bone,2020-09-02,income,169.58029364704032
918,Frazer Bone,2020-05-05,income,244.4444254583716
919,Havin Cope,2020-02-15,clawback,81.20704424436744
920,Marie Pugh,2020-05-10,opex,4.045354644381762
921,Iyla Tate,2020-04-28,income,113.9607698198162
922,Frazer Bone,2020-05-05,income,1.3470877607250094
923,Grady Kearney,2020-01-26,opex,42.176795199433585
924,Grady Kearney,2020-07-23,opex,160.88054613791311
925,Grady Kearney,2020-07-06,income,131.25246822855794
926,Havin Cope,2020-03-12,income,22.290727807220193
927,Havin Cope,2020-04-13,opex,67.44989145222753
928,Frazer Bone,2020-07-13,income,191.4919421824781
929,Grady Kearney,2020-04-29,income,527.8542881329935
930,Havin Cope,2020-01-15,clawback,107.48415382293142
931,Marie Pugh,2020-06-10,income,210.27926937352655
932,Havin Cope,2020-01-03,clawback,744.4292455706508
933,Grady Kearney,2020-07-13,income,29.690497651500223
934,Marie Pugh,2020-05-29,income,266.8895538580694
935,Marie Pugh,2020-01-05,clawback,12.078766184719615
936,Havin Cope,2020-03-11,opex,59.24968495864631
937,Iyla Tate,2020-08-04,income,271.6176160441829
938,Havin Cope,2020-08-27,clawback,29.330477278412943
939,Frazer Bone,2020-06-15,income,259.8225205023139
940,Frazer Bone,2020-09-18,clawback,51.32296142101471
941,Marie Pugh,2020-07-03,opex,62.42233818175106
942,Marie Pugh,2020-05-26,income,15.44642268441808
943,Marie Pugh,2020-04-07,income,24.14724771262517
944,Frazer Bone,2020-06-11,opex,65.96489884187369
945,Iyla Tate,2020-10-28,clawback,9.789663635837421
946,Iyla Tate,2020-10-11,income,76.10294089511996
947,Havin Cope,2020-03-08,income,18.690333807963228
948,Marie Pugh,2020-05-12,opex,13.614715738822058
949,Grady Kearney,2020-05-17,opex,17.080301368694304
950,Grady Kearney,2020-07-27,opex,48.15403986039171
951,Iyla Tate,2020-06-02,opex,104.98727857938503
952,Frazer Bone,2020-03-04,opex,15.698027860037318
953,Marie Pugh,2020-04-19,opex,67.475140611572
954,Iyla Tate,2020-06-19,opex,10.208754171503802
955,Iyla Tate,2020-11-10,income,211.1348972886064
956,Frazer Bone,2020-05-13,income,91.16244123635296
957,Iyla Tate,2020-06-18,income,574.1169369848396
958,Marie Pugh,2020-01-14,opex,82.29852877135718
959,Havin Cope,2020-02-08,opex,7.036296519231279
960,Marie Pugh,2020-03-08,clawback,772.4446795835153
961,Iyla Tate,2020-07-24,opex,204.62394869785965
962,Marie Pugh,2020-07-12,income,235.51245289043894
963,Frazer Bone,2020-04-04,income,269.9490568689039
964,Grady Kearney,2020-04-28,opex,41.130343335569854
965,Frazer Bone,2020-05-14,income,242.36468254919455
966,Iyla Tate,2020-06-16,clawback,289.76285731548114
967,Frazer Bone,2020-05-06,opex,41.69223564776464
968,Havin Cope,2020-05-19,income,72.17207898958546
969,Iyla Tate,2020-07-05,income,577.6372070251024
970,Grady Kearney,2020-03-03,opex,39.042253195646296
971,Iyla Tate,2020-05-04,opex,176.71706047089333
972,Frazer Bone,2020-03-07,opex,88.86567896861146
973,Frazer Bone,2020-02-24,opex,6.679692713201568
974,Grady Kearney,2020-03-15,income,1241.8134100964978
975,Marie Pugh,2020-03-06,opex,47.642485523583986
976,Frazer Bone,2020-06-25,income,194.1860417823203
977,Iyla Tate,2020-09-03,opex,10.886309974180634
978,Havin Cope,2020-02-08,opex,7.618405340941221
979,Havin Cope,2020-06-12,income,104.33418709452219
980,Grady Kearney,2020-06-01,income,70.00839507150924
981,Havin Cope,2020-05-25,opex,92.61374233817415
982,Marie Pugh,2020-05-03,clawback,335.4936266283466
983,Iyla Tate,2020-06-29,clawback,17.23826383816532
984,Marie Pugh,2020-04-23,clawback,18.66669707711867
985,Havin Cope,2020-06-05,opex,73.61061451948049
986,Grady Kearney,2020-05-29,opex,53.23621662235018
987,Frazer Bone,2020-05-05,income,38.11819584499992
988,Iyla Tate,2020-09-29,clawback,249.53292442657542
989,Grady Kearney,2020-02-14,opex,7.300555661007656
990,Marie Pugh,2020-01-25,income,119.28128791389734
991,Grady Kearney,2020-03-25,income,211.26667613244186
992,Grady Kearney,2020-03-08,clawback,9.029680854078743
993,Marie Pugh,2020-08-23,opex,19.928370125941548
994,Marie Pugh,2020-06-07,opex,85.67331133413704
995,Havin Cope,2020-03-04,clawback,895.7132914150811
996,Frazer Bone,2020-09-13,clawback,31.235687027248787
997,Havin Cope,2020-06-07,income,437.87149788041427
998,Havin Cope,2020-02-17,opex,8.111265388217587
999,Grady Kearney,2020-03-02,clawback,130.37759459930996
